[
  {
    "value": "Monday",
    "synonyms": [
      "Monday",
      "Mon"
    ]
  },
  {
    "value": "Tuesday",
    "synonyms": [
      "Tuesday",
      "Tue"
    ]
  },
  {
    "value": "Wednesday",
    "synonyms": [
      "Wednesday",
      "Wed"
    ]
  },
  {
    "value": "Thirsday",
    "synonyms": [
      "Thirsday",
      "Thi"
    ]
  },
  {
    "value": "Friday",
    "synonyms": [
      "Friday",
      "Fri"
    ]
  },
  {
    "value": "Saturday",
    "synonyms": [
      "Saturday",
      "Sat"
    ]
  },
  {
    "value": "Sunday",
    "synonyms": [
      "Sunday"
    ]
  },
  {
    "value": "Weekends",
    "synonyms": [
      "Weekends"
    ]
  },
  {
    "value": "Weekdays",
    "synonyms": [
      "Weekdays",
      "week days",
      "Monday to Friday"
    ]
  },
  {
    "value": "Thursday",
    "synonyms": [
      "Thursday"
    ]
  },
  {
    "value": "Daily",
    "synonyms": [
      "Every Day",
      "daily",
      "everyday"
    ]
  },
  {
    "value": "tuesday",
    "synonyms": [
      "tuesday"
    ]
  }
]