[
  {
    "id": "47d4954a-33f2-4262-9dd6-f5ea1d615440",
    "data": [
      {
        "text": "github issue ",
        "userDefined": false
      },
      {
        "text": "8",
        "alias": "issueNum",
        "meta": "@sys.number-integer",
        "userDefined": false
      },
      {
        "text": " comments",
        "userDefined": false
      }
    ],
    "isTemplate": false,
    "count": 1,
    "updated": 1505852463
  },
  {
    "id": "95d4e1eb-9445-4872-bccf-b62c1835700c",
    "data": [
      {
        "text": "list comments of the issue ",
        "userDefined": false
      },
      {
        "text": "5",
        "alias": "issueNum",
        "meta": "@sys.number-integer",
        "userDefined": true
      }
    ],
    "isTemplate": false,
    "count": 0,
    "updated": 1505852211
  }
]