[
  {
    "id": "40854106-af26-4424-9401-b051f262caa7",
    "data": [
      {
        "text": "github sign in",
        "userDefined": false
      }
    ],
    "isTemplate": false,
    "count": 1,
    "updated": 1505843185
  },
  {
    "id": "bc7d1135-b3fd-4a7f-8497-51359f9bf5fe",
    "data": [
      {
        "text": "sign in to github",
        "userDefined": false
      }
    ],
    "isTemplate": false,
    "count": 0,
    "updated": 1505843185
  },
  {
    "id": "f13057fe-bbec-4f27-a2d4-488cab3ef381",
    "data": [
      {
        "text": "i want to login to github",
        "userDefined": false
      }
    ],
    "isTemplate": false,
    "count": 0,
    "updated": 1505843185
  },
  {
    "id": "7a8e9f6f-3507-4a44-b605-b6df7a21c403",
    "data": [
      {
        "text": "github login",
        "userDefined": false
      }
    ],
    "isTemplate": false,
    "count": 0,
    "updated": 1505843185
  },
  {
    "id": "376ed3f9-2995-42dc-9a02-87a880d1132e",
    "data": [
      {
        "text": "authenticate me to github",
        "userDefined": false
      }
    ],
    "isTemplate": false,
    "count": 0,
    "updated": 1505851848
  },
  {
    "id": "6c25c440-866f-4cac-bb3f-4afc5d1d5a97",
    "data": [
      {
        "text": "login to github",
        "userDefined": false
      }
    ],
    "isTemplate": false,
    "count": 0,
    "updated": 1505843185
  }
]