[
  {
    "id": "0b44467f-e742-4e61-8ab4-54c3b3f89b79",
    "data": [
      {
        "text": "get me the last ",
        "userDefined": false
      },
      {
        "text": "6",
        "alias": "limit",
        "meta": "@sys.number",
        "userDefined": false
      },
      {
        "text": " commits in github repository",
        "userDefined": false
      }
    ],
    "isTemplate": false,
    "count": 0,
    "updated": 1509472523
  },
  {
    "id": "d4eb2019-cc19-4f3c-8427-a2064afc6a1e",
    "data": [
      {
        "text": "list github commits",
        "userDefined": false
      }
    ],
    "isTemplate": false,
    "count": 0,
    "updated": 1509472523
  }
]