[
  {
    "id": "f7ed69a7-831b-4dd4-9a60-ed6da9bd9670",
    "data": [
      {
        "text": "github add comment on issue",
        "userDefined": false
      }
    ],
    "isTemplate": false,
    "count": 0,
    "updated": 1509471770
  },
  {
    "id": "77ea04ca-3e53-4c8e-9680-c2759ec94355",
    "data": [
      {
        "text": "add github issue comment",
        "userDefined": false
      }
    ],
    "isTemplate": false,
    "count": 0,
    "updated": 1509471770
  },
  {
    "id": "26c7ed71-e298-4b14-b0c8-2055a88180d5",
    "data": [
      {
        "text": "issue ",
        "userDefined": false
      },
      {
        "text": "6",
        "alias": "issueNum",
        "meta": "@sys.number",
        "userDefined": false
      },
      {
        "text": " add comment",
        "userDefined": false
      }
    ],
    "isTemplate": false,
    "count": 0,
    "updated": 1509471770
  }
]