[
  {
    "id": "7dce5be8-05fb-4312-a7b3-8a06c94aa05a",
    "data": [
      {
        "text": "github create issue",
        "userDefined": false
      }
    ],
    "isTemplate": false,
    "count": 0
  },
  {
    "id": "62faa522-99f0-4f0a-97eb-fe48bc8c94a0",
    "data": [
      {
        "text": "create a new issue on github",
        "userDefined": false
      }
    ],
    "isTemplate": false,
    "count": 0,
    "updated": 1509472188
  },
  {
    "id": "54823e89-d307-4fc6-b5c4-df37b732ec45",
    "data": [
      {
        "text": "create a new github issue",
        "userDefined": false
      }
    ],
    "isTemplate": false,
    "count": 0,
    "updated": 1509472188
  }
]