[
  {
    "id": "490921ba-b41f-4ffb-a54a-7684410336d9",
    "data": [
      {
        "text": "github ",
        "userDefined": false
      },
      {
        "text": "mentioned",
        "alias": "parameter",
        "meta": "@github_status",
        "userDefined": false
      },
      {
        "text": " issues of repository \"anbot\"",
        "userDefined": false
      }
    ],
    "isTemplate": false,
    "count": 0,
    "updated": 1505846528
  },
  {
    "id": "f9d0008e-eb4d-4581-88ba-66a8db1f184d",
    "data": [
      {
        "text": "open",
        "alias": "parameter",
        "meta": "@github_status",
        "userDefined": false
      },
      {
        "text": " issues repo \"anbot\"",
        "userDefined": false
      }
    ],
    "isTemplate": false,
    "count": 1,
    "updated": 1505845244
  },
  {
    "id": "50319c87-3b96-4c68-8b6d-52e1805937f6",
    "data": [
      {
        "text": "get me github ",
        "userDefined": false
      },
      {
        "text": "closed",
        "alias": "parameter",
        "meta": "@github_status",
        "userDefined": false
      },
      {
        "text": " issues of repo \"anbot\"",
        "userDefined": false
      }
    ],
    "isTemplate": false,
    "count": 0,
    "updated": 1505845244
  },
  {
    "id": "6e43c123-376d-4858-9ffd-26d4bd0b98fb",
    "data": [
      {
        "text": "get me ",
        "userDefined": false
      },
      {
        "text": "closed",
        "alias": "parameter",
        "meta": "@github_status",
        "userDefined": false
      },
      {
        "text": " issues of repo \"",
        "userDefined": false
      },
      {
        "text": "npmDigger",
        "alias": "repo",
        "meta": "@sys.any",
        "userDefined": true
      },
      {
        "text": "\"",
        "userDefined": false
      }
    ],
    "isTemplate": false,
    "count": 0,
    "updated": 1505845109
  },
  {
    "id": "9fcf4df5-474b-4325-a95f-a6e56ff7f637",
    "data": [
      {
        "text": "github last ",
        "userDefined": false
      },
      {
        "text": "5",
        "alias": "issuesCnt",
        "meta": "@sys.number-integer",
        "userDefined": false
      },
      {
        "text": " ",
        "userDefined": false
      },
      {
        "text": "open",
        "alias": "parameter",
        "meta": "@github_status",
        "userDefined": false
      },
      {
        "text": " issues of repo \"",
        "userDefined": false
      },
      {
        "text": "anbot",
        "alias": "repo",
        "meta": "@sys.any",
        "userDefined": true
      },
      {
        "text": "\"",
        "userDefined": false
      }
    ],
    "isTemplate": false,
    "count": 0,
    "updated": 1505845109
  }
]