[
  {
    "id": "7ed87592-2214-436f-a403-a8cdddbb911c",
    "data": [
      {
        "text": "jenkins console build ",
        "userDefined": false
      },
      {
        "text": "78",
        "alias": "buildNum",
        "meta": "@sys.number-integer",
        "userDefined": false
      }
    ],
    "isTemplate": false,
    "count": 0,
    "updated": 1505734719
  },
  {
    "id": "ea78b785-4175-4795-9f40-0d7a2f8718bb",
    "data": [
      {
        "text": "jenkins build ",
        "userDefined": false
      },
      {
        "text": "93",
        "alias": "buildNum",
        "meta": "@sys.number-integer",
        "userDefined": false
      },
      {
        "text": " console job \"",
        "userDefined": false
      },
      {
        "text": "ThisIsTestJob",
        "alias": "jobName",
        "meta": "@sys.any",
        "userDefined": true
      },
      {
        "text": "\"",
        "userDefined": false
      }
    ],
    "isTemplate": false,
    "count": 0,
    "updated": 1505734590
  },
  {
    "id": "72f9c263-a748-4749-a46d-1377c21a124a",
    "data": [
      {
        "text": "jenkins build ",
        "userDefined": false
      },
      {
        "text": "80",
        "alias": "buildNum",
        "meta": "@sys.number-integer",
        "userDefined": false
      },
      {
        "text": " console",
        "userDefined": false
      }
    ],
    "isTemplate": false,
    "count": 0,
    "updated": 1505734590
  },
  {
    "id": "edc0be69-80ea-4ebe-94f7-bbc188cd1604",
    "data": [
      {
        "text": "i would like to see the output console of the build ",
        "userDefined": false
      },
      {
        "text": "6",
        "alias": "buildNum",
        "meta": "@sys.number-integer",
        "userDefined": false
      },
      {
        "text": " of the job \"",
        "userDefined": false
      },
      {
        "text": "Test JOB",
        "alias": "jobName",
        "meta": "@sys.any",
        "userDefined": true
      },
      {
        "text": "\"",
        "userDefined": false
      }
    ],
    "isTemplate": false,
    "count": 0,
    "updated": 1505734590
  }
]