[
  {
    "id": "a6ba105a-2154-4312-9d79-7fb60520e532",
    "data": [
      {
        "text": "build a job in ",
        "userDefined": false
      },
      {
        "text": "jenkins",
        "meta": "@sys.ignore",
        "userDefined": false
      }
    ],
    "isTemplate": false,
    "count": 1,
    "updated": 1505737308
  },
  {
    "id": "b9d2c5fd-0a00-474d-90bb-f17e541344d1",
    "data": [
      {
        "text": "jenkins build job",
        "userDefined": false
      }
    ],
    "isTemplate": false,
    "count": 0,
    "updated": 1505737308
  },
  {
    "id": "c62720c4-4005-40d5-912d-e6c36813a227",
    "data": [
      {
        "text": "i would like to start a build job",
        "userDefined": false
      }
    ],
    "isTemplate": false,
    "count": 0,
    "updated": 1505737308
  }
]