[
  {
    "id": "e0c64f5d-ee52-4024-9438-4153de37367f",
    "data": [
      {
        "text": "build info",
        "userDefined": false
      }
    ],
    "isTemplate": false,
    "count": 0,
    "updated": 1505696671
  },
  {
    "id": "cd66a037-7a94-46c3-ac35-ae5c8e70c0e7",
    "data": [
      {
        "text": "buil information",
        "userDefined": false
      }
    ],
    "isTemplate": false,
    "count": 0,
    "updated": 1505696671
  },
  {
    "id": "b70a5a03-0f9e-4468-ba1e-ec3b3e1d2539",
    "data": [
      {
        "text": "jenkins build information",
        "userDefined": false
      }
    ],
    "isTemplate": false,
    "count": 0,
    "updated": 1505696575
  },
  {
    "id": "69ba681d-1a5c-4211-97d9-8c39fb28311a",
    "data": [
      {
        "text": "i would like to get information about the build ",
        "userDefined": false
      },
      {
        "text": "6",
        "alias": "buildNum",
        "meta": "@sys.number-integer",
        "userDefined": false
      }
    ],
    "isTemplate": false,
    "count": 1,
    "updated": 1505735801
  },
  {
    "id": "f54811f8-005c-4154-b467-2d9e64328a28",
    "data": [
      {
        "text": "jenkins build ",
        "userDefined": false
      },
      {
        "text": "78",
        "alias": "buildNum",
        "meta": "@sys.number-integer",
        "userDefined": false
      },
      {
        "text": " info",
        "userDefined": false
      }
    ],
    "isTemplate": false,
    "count": 0,
    "updated": 1505735801
  },
  {
    "id": "ebeb5b45-fcaa-43d3-8dc8-afdc376b268d",
    "data": [
      {
        "text": "what do you know about the jenkins build ",
        "userDefined": false
      },
      {
        "text": "13",
        "alias": "buildNum",
        "meta": "@sys.number-integer",
        "userDefined": true
      },
      {
        "text": " ?",
        "userDefined": false
      }
    ],
    "isTemplate": false,
    "count": 0,
    "updated": 1505735801
  },
  {
    "id": "2b094c55-019b-4395-bba6-b4440fa22d0d",
    "data": [
      {
        "text": "jenkins build info",
        "userDefined": false
      }
    ],
    "isTemplate": false,
    "count": 0,
    "updated": 1505696494
  },
  {
    "id": "77db7d3c-fd02-466d-ac5e-a65b8e7bda58",
    "data": [
      {
        "text": "i would like to get information about the build 6 of job \"",
        "userDefined": false
      },
      {
        "text": "JavascriptRuntime",
        "alias": "jobName",
        "meta": "@sys.any",
        "userDefined": true
      },
      {
        "text": "\"",
        "userDefined": false
      }
    ],
    "isTemplate": false,
    "count": 0,
    "updated": 0
  }
]