[
  {
    "id": "c3a1a18c-6d99-4b62-a9a7-0f92de1f33b2",
    "data": [
      {
        "text": "jenkins last successful build",
        "userDefined": false
      }
    ],
    "isTemplate": false,
    "count": 1,
    "updated": 1505696575
  },
  {
    "id": "87ffbffd-282c-4937-8881-5b92c9b03f9a",
    "data": [
      {
        "text": "give me the last successful build in jenkins",
        "userDefined": false
      }
    ],
    "isTemplate": false,
    "count": 1,
    "updated": 1505694546
  },
  {
    "id": "d837583a-89ac-499c-baf6-6c6fc1b403b8",
    "data": [
      {
        "text": "show the last successful jenkins build of job",
        "userDefined": false
      }
    ],
    "isTemplate": false,
    "count": 0,
    "updated": 1505694546
  },
  {
    "id": "d9a14391-933c-4a79-9292-6af432a3607f",
    "data": [
      {
        "text": "last successful build",
        "userDefined": false
      }
    ],
    "isTemplate": false,
    "count": 0,
    "updated": 1505693464
  },
  {
    "id": "ece7abe0-a34a-4a76-aa14-216ca8b8c244",
    "data": [
      {
        "text": "jenkins last successful",
        "userDefined": false
      }
    ],
    "isTemplate": false,
    "count": 0,
    "updated": 1505693464
  },
  {
    "id": "665f986a-d90a-4292-9112-3077e36e56af",
    "data": [
      {
        "text": "give me that last successful build",
        "userDefined": false
      }
    ],
    "isTemplate": false,
    "count": 0,
    "updated": 1505693464
  },
  {
    "id": "fd07738d-7833-4a0a-a279-451aaf0eaa85",
    "data": [
      {
        "text": "Jenkins list last ",
        "userDefined": false
      },
      {
        "text": "successful",
        "meta": "@sys.ignore",
        "userDefined": true
      },
      {
        "text": " build of a job",
        "userDefined": false
      }
    ],
    "isTemplate": false,
    "count": 0,
    "updated": 1505694546
  }
]