[
  {
    "id": "fc8803ec-731a-4267-8411-f604991655fc",
    "data": [
      {
        "text": "jenkins last completed build",
        "userDefined": false
      }
    ],
    "isTemplate": false,
    "count": 1,
    "updated": 1505696575
  },
  {
    "id": "f9542da1-c078-4079-a3dc-10c2d8bd63b9",
    "data": [
      {
        "text": "last completed build",
        "userDefined": false
      }
    ],
    "isTemplate": false,
    "count": 0,
    "updated": 1505694756
  },
  {
    "id": "022d3554-7f1b-49d7-96b8-0fdf94d467d0",
    "data": [
      {
        "text": "show the last completed jenkins build of ",
        "userDefined": false
      },
      {
        "text": "job",
        "meta": "@sys.ignore",
        "userDefined": true
      }
    ],
    "isTemplate": false,
    "count": 0,
    "updated": 1505694178
  },
  {
    "id": "b15c4560-b72e-40ec-89cf-68b00ec85466",
    "data": [
      {
        "text": "give me the last completed build in jenkins",
        "userDefined": false
      }
    ],
    "isTemplate": false,
    "count": 0,
    "updated": 1505694178
  }
]