[
  {
    "id": "8d65c16b-ff50-4f17-a154-089bd5003a94",
    "data": [
      {
        "text": "jenkins build 78 info",
        "userDefined": false
      }
    ],
    "isTemplate": false,
    "count": 1,
    "updated": 1505696575
  },
  {
    "id": "11eaeb98-72c9-4366-8499-7f443e8e16d0",
    "data": [
      {
        "text": "jenkins builds",
        "userDefined": false
      }
    ],
    "isTemplate": false,
    "count": 0,
    "updated": 1505693159
  },
  {
    "id": "05658300-1fd5-4a07-a8a2-fb3e74f6b856",
    "data": [
      {
        "text": "list jenkins builds",
        "userDefined": false
      }
    ],
    "isTemplate": false,
    "count": 0,
    "updated": 1505693159
  },
  {
    "id": "d442161c-b4ed-4ba0-a355-207ac4a878cf",
    "data": [
      {
        "text": "gert me the jenkins builds",
        "userDefined": false
      }
    ],
    "isTemplate": false,
    "count": 0,
    "updated": 1505693159
  },
  {
    "id": "ea633e31-935b-4d68-b6ac-ebd3b0ffdd93",
    "data": [
      {
        "text": "jenkins show me builds of job \"",
        "userDefined": false
      },
      {
        "text": "JoBname",
        "alias": "jobName",
        "meta": "@sys.any",
        "userDefined": true
      },
      {
        "text": "\"",
        "userDefined": false
      }
    ],
    "isTemplate": false,
    "count": 0,
    "updated": 1505693159
  }
]