[
  {
    "id": "b911c59d-ea15-40b4-90ea-4be4cf40bb91",
    "data": [
      {
        "text": "jenkins job \"",
        "userDefined": false
      },
      {
        "text": "myJob",
        "alias": "jobName",
        "meta": "@sys.any",
        "userDefined": true
      },
      {
        "text": "\" last build",
        "userDefined": false
      }
    ],
    "isTemplate": false,
    "count": 0,
    "updated": 1505696900
  },
  {
    "id": "287ff01b-c718-41db-b6c6-46300ec7188c",
    "data": [
      {
        "text": "jenkins last build of job \"",
        "userDefined": false
      },
      {
        "text": "myJob",
        "alias": "jobName",
        "meta": "@sys.any",
        "userDefined": true
      },
      {
        "text": "\"",
        "userDefined": false
      }
    ],
    "isTemplate": false,
    "count": 0,
    "updated": 1505696900
  },
  {
    "id": "5859e365-9ce0-439d-80a1-bfa3d8f038a0",
    "data": [
      {
        "text": "jenkins last build of \"",
        "userDefined": false
      },
      {
        "text": "myJob",
        "alias": "jobName",
        "meta": "@sys.any",
        "userDefined": true
      },
      {
        "text": "\"",
        "userDefined": false
      }
    ],
    "isTemplate": false,
    "count": 0,
    "updated": 1505696900
  },
  {
    "id": "6dad3762-2e9f-4284-baae-627526983e1e",
    "data": [
      {
        "text": "jenkins last build",
        "userDefined": false
      }
    ],
    "isTemplate": false,
    "count": 3,
    "updated": 0
  },
  {
    "id": "5b28cbe2-fbda-4b5c-9484-095f434aca6c",
    "data": [
      {
        "text": "give me the last build in jenkins",
        "userDefined": false
      }
    ],
    "isTemplate": false,
    "count": 0,
    "updated": 1505694709
  },
  {
    "id": "69d04950-3c51-4d93-a867-ec23c03a7ebc",
    "data": [
      {
        "text": "show the last jenkins build of job",
        "userDefined": false
      }
    ],
    "isTemplate": false,
    "count": 0,
    "updated": 1505694709
  },
  {
    "id": "384a6ab4-331f-4fdb-950b-6c0b2ce174da",
    "data": [
      {
        "text": "last build",
        "userDefined": false
      }
    ],
    "isTemplate": false,
    "count": 0,
    "updated": 1505694709
  }
]