[
  {
    "id": "abb6ce80-cf7a-4926-8b36-af9c07d125f0",
    "data": [
      {
        "text": "jenkins username",
        "userDefined": false
      }
    ],
    "isTemplate": false,
    "count": 0,
    "updated": 1505691489
  },
  {
    "id": "9d06eaa4-db64-489d-abfc-29dd0e0fc070",
    "data": [
      {
        "text": "add my jenkins username",
        "userDefined": false
      }
    ],
    "isTemplate": false,
    "count": 0,
    "updated": 1505691489
  },
  {
    "id": "c5deaa6d-1f0c-45b7-aedf-494daf9ab891",
    "data": [
      {
        "text": "here is my jenkins username \"",
        "userDefined": false
      },
      {
        "text": "pet.Jas",
        "alias": "username",
        "meta": "@sys.any",
        "userDefined": true
      },
      {
        "text": "\"",
        "userDefined": false
      }
    ],
    "isTemplate": false,
    "count": 0,
    "updated": 1505691489
  },
  {
    "id": "a450913c-3d5f-413a-962d-ada2cb301502",
    "data": [
      {
        "text": "jenkins username \u003d \u0027",
        "userDefined": false
      },
      {
        "text": "andreas",
        "alias": "username",
        "meta": "@sys.any",
        "userDefined": true
      },
      {
        "text": "\u0027",
        "userDefined": false
      }
    ],
    "isTemplate": false,
    "count": 0,
    "updated": 0
  }
]