[
  {
    "id": "3abaf68f-36b0-41ec-aa83-184d8673f2d2",
    "data": [
      {
        "text": "jenkins token",
        "userDefined": false
      }
    ],
    "isTemplate": false,
    "count": 0,
    "updated": 1505691356
  },
  {
    "id": "61f4ca75-615a-4a3d-b616-0b412d5ae5f0",
    "data": [
      {
        "text": "here is my jenkins token. \"",
        "userDefined": false
      },
      {
        "text": "dsfdsdfgvds4e4t32w4eg",
        "alias": "token",
        "meta": "@sys.any",
        "userDefined": true
      },
      {
        "text": "\"",
        "userDefined": false
      }
    ],
    "isTemplate": false,
    "count": 0,
    "updated": 1505691356
  },
  {
    "id": "0e0b60f7-3a9a-435a-8a12-c72d439f6890",
    "data": [
      {
        "text": "jenkins token \"",
        "userDefined": false
      },
      {
        "text": "sdzkjbjksdvgasdf",
        "alias": "token",
        "meta": "@sys.any",
        "userDefined": true
      },
      {
        "text": "\"",
        "userDefined": false
      }
    ],
    "isTemplate": false,
    "count": 0,
    "updated": 0
  }
]