[
  {
    "id": "f03bf3f0-c7e8-4abf-acc6-d509fea81c02",
    "data": [
      {
        "text": "jenkins ",
        "userDefined": false
      },
      {
        "text": "all",
        "meta": "@sys.ignore",
        "userDefined": false
      },
      {
        "text": " jobs",
        "userDefined": false
      }
    ],
    "isTemplate": false,
    "count": 0,
    "updated": 1505737390
  },
  {
    "id": "da975b79-3581-4916-a87a-75b697e32b5f",
    "data": [
      {
        "text": "jenkins jobs",
        "userDefined": false
      }
    ],
    "isTemplate": false,
    "count": 0,
    "updated": 1505737390
  },
  {
    "id": "d3fc0f9d-bda0-4bb7-bf4a-dd75051c4c6a",
    "data": [
      {
        "text": "i would like to see the jenkins jobs",
        "userDefined": false
      }
    ],
    "isTemplate": false,
    "count": 0,
    "updated": 1505737390
  },
  {
    "id": "a3d0c2c3-d99a-41a4-b882-45565200de17",
    "data": [
      {
        "text": "get me ",
        "userDefined": false
      },
      {
        "text": "all",
        "meta": "@sys.ignore",
        "userDefined": false
      },
      {
        "text": " the jenkins jobs",
        "userDefined": false
      }
    ],
    "isTemplate": false,
    "count": 0,
    "updated": 1505737390
  }
]