[
  {
    "id": "b5335a61-08ee-489c-af2b-5c49026c62b7",
    "data": [
      {
        "text": "sign in to jenkins",
        "userDefined": false
      }
    ],
    "isTemplate": false,
    "count": 0,
    "updated": 1502717667
  },
  {
    "id": "3cfbc9ca-012c-493c-be90-4ac215a70890",
    "data": [
      {
        "text": "jenkins sign in",
        "userDefined": false
      }
    ],
    "isTemplate": false,
    "count": 0,
    "updated": 1502717667
  },
  {
    "id": "bec105ef-9bb8-4b33-a168-1fd36d43a8c3",
    "data": [
      {
        "text": "jenkis auth",
        "userDefined": false
      }
    ],
    "isTemplate": false,
    "count": 0,
    "updated": 1502717667
  },
  {
    "id": "16fb6f0e-5f04-4fd5-8382-2eee633a63af",
    "data": [
      {
        "text": "jenkins authorization",
        "userDefined": false
      }
    ],
    "isTemplate": false,
    "count": 0,
    "updated": 1502717667
  },
  {
    "id": "d889a862-2d04-4648-8bd1-93adb7a50078",
    "data": [
      {
        "text": "authorize me to jenkins",
        "userDefined": false
      }
    ],
    "isTemplate": false,
    "count": 0,
    "updated": 1502717667
  },
  {
    "id": "f3c945f1-7fd3-4191-881e-c3f6b966352d",
    "data": [
      {
        "text": "login to jenkins",
        "userDefined": false
      }
    ],
    "isTemplate": false,
    "count": 0,
    "updated": 1502717667
  }
]