[
  {
    "id": "a3a7e124-2364-4c88-9622-39cd9257cb2c",
    "data": [
      {
        "text": "show standups",
        "userDefined": false
      }
    ],
    "isTemplate": false,
    "count": 1,
    "updated": 1505820149
  },
  {
    "id": "1b84c445-54c8-4a30-91f8-d2a3d7ae0514",
    "data": [
      {
        "text": "show standup",
        "userDefined": false
      }
    ],
    "isTemplate": false,
    "count": 0,
    "updated": 1505819631
  },
  {
    "id": "d8350d5b-008b-4458-acb3-138328457fa2",
    "data": [
      {
        "text": "get me the standup settings pls",
        "userDefined": false
      }
    ],
    "isTemplate": false,
    "count": 0,
    "updated": 1505785453
  },
  {
    "id": "35b70e1c-c41d-4e5a-a8f7-773132559571",
    "data": [
      {
        "text": "get me standup settings",
        "userDefined": false
      }
    ],
    "isTemplate": false,
    "count": 1,
    "updated": 1505785453
  },
  {
    "id": "cb386143-7c46-4a76-8dc3-18dd6a5efc57",
    "data": [
      {
        "text": "show me the standup settings",
        "userDefined": false
      }
    ],
    "isTemplate": false,
    "count": 1,
    "updated": 0
  },
  {
    "id": "e5e8a351-b624-4971-9948-f20b0f85c202",
    "data": [
      {
        "text": "standup settings",
        "userDefined": false
      }
    ],
    "isTemplate": false,
    "count": 0,
    "updated": 0
  },
  {
    "id": "72ba1434-413b-441d-96ba-9a0b7618b689",
    "data": [
      {
        "text": "standup config",
        "userDefined": false
      }
    ],
    "isTemplate": false,
    "count": 0,
    "updated": 0
  },
  {
    "id": "855335ec-e127-4766-b4d7-467eb39d09a9",
    "data": [
      {
        "text": "i would like to take a loot at standup configurations",
        "userDefined": false
      }
    ],
    "isTemplate": false,
    "count": 0,
    "updated": 0
  },
  {
    "id": "21a35434-c69d-4fe7-83f5-7f4861885885",
    "data": [
      {
        "text": "show standup settings",
        "userDefined": false
      }
    ],
    "isTemplate": false,
    "count": 1,
    "updated": 0
  },
  {
    "id": "2403ceb1-defc-41cf-ad2a-571d665a480b",
    "data": [
      {
        "text": "standup show",
        "userDefined": false
      }
    ],
    "isTemplate": false,
    "count": 0,
    "updated": 0
  }
]