[
  {
    "id": "eeae64bf-31b6-4759-884d-2906228c4eb7",
    "data": [
      {
        "text": "disable",
        "alias": "status",
        "meta": "@bool",
        "userDefined": false
      },
      {
        "text": " standups",
        "userDefined": false
      }
    ],
    "isTemplate": false,
    "count": 0,
    "updated": 1505783575
  },
  {
    "id": "3bafba98-fe45-40aa-b707-a0fc0015881a",
    "data": [
      {
        "text": "stop",
        "alias": "status",
        "meta": "@bool",
        "userDefined": true
      },
      {
        "text": " standup",
        "userDefined": false
      }
    ],
    "isTemplate": false,
    "count": 0,
    "updated": 1505784166
  },
  {
    "id": "6707384e-525c-45e5-b79d-9fb661253cb2",
    "data": [
      {
        "text": "deactivate",
        "alias": "status",
        "meta": "@bool",
        "userDefined": false
      },
      {
        "text": " standup",
        "userDefined": false
      }
    ],
    "isTemplate": false,
    "count": 0,
    "updated": 1505783575
  },
  {
    "id": "18759002-2aa0-492d-a99c-5e7bdff73e93",
    "data": [
      {
        "text": "pause",
        "alias": "status",
        "meta": "@bool",
        "userDefined": false
      },
      {
        "text": " standup",
        "userDefined": false
      }
    ],
    "isTemplate": false,
    "count": 1,
    "updated": 1505783575
  },
  {
    "id": "95eacfa1-08aa-42c6-98ee-8ddc615154cb",
    "data": [
      {
        "text": "i would like to ",
        "userDefined": false
      },
      {
        "text": "pause",
        "alias": "status",
        "meta": "@bool",
        "userDefined": false
      },
      {
        "text": " standup meetups",
        "userDefined": false
      }
    ],
    "isTemplate": false,
    "count": 0,
    "updated": 1505783575
  }
]