[
  {
    "id": "4af64d65-3f36-4f58-bb1f-b50a9d11b259",
    "data": [
      {
        "text": "change standup question",
        "userDefined": false
      }
    ],
    "isTemplate": false,
    "count": 0,
    "updated": 1505836777
  },
  {
    "id": "71a29dcc-2252-4d8e-afc8-55e1b9f75531",
    "data": [
      {
        "text": "change standup question text",
        "userDefined": false
      }
    ],
    "isTemplate": false,
    "count": 1,
    "updated": 1505836777
  },
  {
    "id": "92e9b048-dd65-4549-8484-8052dae1b41a",
    "data": [
      {
        "text": "change standup question textchange standup question ",
        "userDefined": false
      },
      {
        "text": "3",
        "alias": "index",
        "meta": "@sys.number-integer",
        "userDefined": false
      },
      {
        "text": " text",
        "userDefined": false
      }
    ],
    "isTemplate": false,
    "count": 1,
    "updated": 1505836666
  },
  {
    "id": "2eb4d50e-815f-4ffb-bb42-6eb3d628c5ed",
    "data": [
      {
        "text": "standup change question ",
        "userDefined": false
      },
      {
        "text": "13",
        "alias": "index",
        "meta": "@sys.number-integer",
        "userDefined": false
      },
      {
        "text": " text to \"",
        "userDefined": false
      },
      {
        "text": "whatever",
        "alias": "text",
        "meta": "@sys.any",
        "userDefined": true
      },
      {
        "text": "\"",
        "userDefined": false
      }
    ],
    "isTemplate": false,
    "count": 0,
    "updated": 1505836666
  },
  {
    "id": "3ce055ee-9221-4622-b403-faa17d4df981",
    "data": [
      {
        "text": "change standup question ",
        "userDefined": false
      },
      {
        "text": "5",
        "alias": "index",
        "meta": "@sys.number-integer",
        "userDefined": false
      },
      {
        "text": " text to \"",
        "userDefined": false
      },
      {
        "text": "Another question",
        "alias": "text",
        "meta": "@sys.any",
        "userDefined": true
      },
      {
        "text": "\"",
        "userDefined": false
      }
    ],
    "isTemplate": false,
    "count": 1,
    "updated": 0
  }
]