[
  {
    "id": "9e7a588b-5694-45dc-846d-ff968b843376",
    "data": [
      {
        "text": "can you edit time to ",
        "userDefined": false
      },
      {
        "text": "10:36",
        "alias": "time",
        "meta": "@sys.time",
        "userDefined": false
      },
      {
        "text": " of standup?",
        "userDefined": false
      }
    ],
    "isTemplate": false,
    "count": 0,
    "updated": 0
  },
  {
    "id": "7513ce28-9fb3-400a-a308-1d64bdc3514b",
    "data": [
      {
        "text": "the time of standup must be change to ",
        "userDefined": false
      },
      {
        "text": "8:39",
        "alias": "time",
        "meta": "@sys.time",
        "userDefined": false
      }
    ],
    "isTemplate": false,
    "count": 0,
    "updated": 0
  },
  {
    "id": "960c35c6-33a9-44d8-a3f0-f0772425cba1",
    "data": [
      {
        "text": "update standup time. make it ",
        "userDefined": false
      },
      {
        "text": "09:30",
        "alias": "time",
        "meta": "@sys.time",
        "userDefined": false
      }
    ],
    "isTemplate": false,
    "count": 0,
    "updated": 0
  },
  {
    "id": "a86769ef-ef76-4668-b182-53c2828643dc",
    "data": [
      {
        "text": "change the time of standup to ",
        "userDefined": false
      },
      {
        "text": "10:55",
        "alias": "time",
        "meta": "@sys.time",
        "userDefined": false
      }
    ],
    "isTemplate": false,
    "count": 0,
    "updated": 0
  },
  {
    "id": "e8c2650a-2951-4ba3-a901-fd90667325af",
    "data": [
      {
        "text": "i would like to change standup time",
        "userDefined": false
      }
    ],
    "isTemplate": false,
    "count": 0,
    "updated": 0
  },
  {
    "id": "b6acd898-feb2-47db-88d7-59931ce7b949",
    "data": [
      {
        "text": "change standup time to ",
        "userDefined": false
      },
      {
        "text": "08:55",
        "alias": "time",
        "meta": "@sys.time",
        "userDefined": false
      }
    ],
    "isTemplate": false,
    "count": 0,
    "updated": 0
  }
]