[
  {
    "id": "27ef4290-bd3c-4319-bc6e-9bea955092e8",
    "data": [
      {
        "text": "reste standups",
        "userDefined": false
      }
    ],
    "isTemplate": false,
    "count": 0,
    "updated": 0
  },
  {
    "id": "6fe52cef-c273-417a-b07b-e8ccce5592ef",
    "data": [
      {
        "text": "standup reset",
        "userDefined": false
      }
    ],
    "isTemplate": false,
    "count": 0,
    "updated": 0
  },
  {
    "id": "4ea36168-246d-43af-bfeb-662ea29d928b",
    "data": [
      {
        "text": "i would like to reset the standup",
        "userDefined": false
      }
    ],
    "isTemplate": false,
    "count": 0,
    "updated": 0
  },
  {
    "id": "d82f8d8a-a9c6-4e5b-b6a0-406fac5c4a15",
    "data": [
      {
        "text": "reset standup settings",
        "userDefined": false
      }
    ],
    "isTemplate": false,
    "count": 0,
    "updated": 0
  }
]