[
  {
    "id": "4ed3c785-786c-4783-8f86-9a9bfa8e55ee",
    "data": [
      {
        "text": "\"",
        "userDefined": false
      },
      {
        "text": "What did you do yesterday?",
        "alias": "text",
        "meta": "@sys.any",
        "userDefined": false
      },
      {
        "text": "\". Add this question please with ",
        "userDefined": false
      },
      {
        "text": "green",
        "alias": "color",
        "meta": "@sys.color",
        "userDefined": false
      },
      {
        "text": " color at the position ",
        "userDefined": false
      },
      {
        "text": "7",
        "alias": "index",
        "meta": "@sys.number-integer",
        "userDefined": false
      }
    ],
    "isTemplate": false,
    "count": 1,
    "updated": 0
  },
  {
    "id": "7aca69f7-e1cc-4ae8-ada9-087a930966bc",
    "data": [
      {
        "text": "standup add a question at ",
        "userDefined": false
      },
      {
        "text": "2",
        "alias": "index",
        "meta": "@sys.number-integer",
        "userDefined": true
      },
      {
        "text": " order",
        "userDefined": false
      }
    ],
    "isTemplate": false,
    "count": 0,
    "updated": 0
  },
  {
    "id": "d946d485-f672-4162-b217-22116077f3b5",
    "data": [
      {
        "text": "add standup question",
        "userDefined": false
      }
    ],
    "isTemplate": false,
    "count": 0,
    "updated": 0
  },
  {
    "id": "3564f7b0-68f5-46cf-8778-48c5366dbba9",
    "data": [
      {
        "text": "add a new standup question",
        "userDefined": false
      }
    ],
    "isTemplate": false,
    "count": 0,
    "updated": 0
  },
  {
    "id": "0b992ee5-e43d-48c0-9aaa-3535331646e2",
    "data": [
      {
        "text": "add standup question \"",
        "userDefined": false
      },
      {
        "text": "i am asking something?",
        "alias": "text",
        "meta": "@sys.any",
        "userDefined": true
      },
      {
        "text": "\" at position ",
        "userDefined": false
      },
      {
        "text": "5",
        "alias": "index",
        "meta": "@sys.number-integer",
        "userDefined": false
      },
      {
        "text": " with ",
        "userDefined": false
      },
      {
        "text": "red",
        "alias": "color",
        "meta": "@sys.color",
        "userDefined": true
      }
    ],
    "isTemplate": false,
    "count": 0,
    "updated": 0
  }
]