[
  {
    "id": "c8453f3e-8aa0-4443-82b7-962514658a9e",
    "data": [
      {
        "text": "standup rearrange question ",
        "userDefined": false
      },
      {
        "text": "1",
        "alias": "questionIndex",
        "meta": "@sys.number",
        "userDefined": false
      },
      {
        "text": " and ",
        "userDefined": false
      },
      {
        "text": "2",
        "alias": "newIndex",
        "meta": "@sys.number",
        "userDefined": false
      }
    ],
    "isTemplate": false,
    "count": 0,
    "updated": 1505840674
  },
  {
    "id": "419fc387-0e68-43d6-8395-297dd5fab20d",
    "data": [
      {
        "text": "change standup questions ",
        "userDefined": false
      },
      {
        "text": "2",
        "alias": "questionIndex",
        "meta": "@sys.number-integer",
        "userDefined": false
      },
      {
        "text": " and ",
        "userDefined": false
      },
      {
        "text": "5",
        "alias": "newIndex",
        "meta": "@sys.number-integer",
        "userDefined": false
      },
      {
        "text": " order",
        "userDefined": false
      }
    ],
    "isTemplate": false,
    "count": 0,
    "updated": 1505840661
  },
  {
    "id": "58d270d9-2088-4a25-ba29-b40cff89157b",
    "data": [
      {
        "text": "standup rearrange question ",
        "userDefined": false
      },
      {
        "text": "1",
        "alias": "questionIndex",
        "meta": "@sys.number-integer",
        "userDefined": false
      },
      {
        "text": " and ",
        "userDefined": false
      },
      {
        "text": "5",
        "alias": "newIndex",
        "meta": "@sys.number-integer",
        "userDefined": false
      }
    ],
    "isTemplate": false,
    "count": 0,
    "updated": 1505840661
  },
  {
    "id": "c9abbbbe-081b-430c-8840-7d9ce61bf354",
    "data": [
      {
        "text": "standup move question ",
        "userDefined": false
      },
      {
        "text": "1",
        "alias": "questionIndex",
        "meta": "@sys.number-integer",
        "userDefined": false
      },
      {
        "text": " to ",
        "userDefined": false
      },
      {
        "text": "5",
        "alias": "newIndex",
        "meta": "@sys.number-integer",
        "userDefined": false
      }
    ],
    "isTemplate": false,
    "count": 0,
    "updated": 1505840661
  },
  {
    "id": "41e6914d-d8de-4fd8-a9a7-2931b19650c6",
    "data": [
      {
        "text": "move standup question ",
        "userDefined": false
      },
      {
        "text": "1",
        "alias": "questionIndex",
        "meta": "@sys.number-integer",
        "userDefined": false
      },
      {
        "text": " to ",
        "userDefined": false
      },
      {
        "text": "2",
        "alias": "newIndex",
        "meta": "@sys.number-integer",
        "userDefined": false
      }
    ],
    "isTemplate": false,
    "count": 0,
    "updated": 0
  }
]