[
  {
    "id": "1c56fbad-59ea-44c9-a86b-bb47240b5ac9",
    "data": [
      {
        "text": "begin a report",
        "userDefined": false
      }
    ],
    "isTemplate": false,
    "count": 0,
    "updated": 0
  },
  {
    "id": "9df0b374-d4b9-4e40-a6ee-314d741e412c",
    "data": [
      {
        "text": "begin a standup",
        "userDefined": false
      }
    ],
    "isTemplate": false,
    "count": 0,
    "updated": 0
  },
  {
    "id": "eec17d04-dacb-4014-bd67-b58533e24252",
    "data": [
      {
        "text": "i would like to report now",
        "userDefined": false
      }
    ],
    "isTemplate": false,
    "count": 0,
    "updated": 0
  },
  {
    "id": "6e6aa55e-5079-49f5-a78e-451e3f147ad3",
    "data": [
      {
        "text": "start a standup report now",
        "userDefined": false
      }
    ],
    "isTemplate": false,
    "count": 0,
    "updated": 0
  }
]