[
  {
    "id": "99e3dfe5-4029-4eb6-a9fc-af183a028ee1",
    "data": [
      {
        "text": "delete the question ",
        "userDefined": false
      },
      {
        "text": "7",
        "alias": "index",
        "meta": "@sys.number-integer",
        "userDefined": false
      },
      {
        "text": " in standup",
        "userDefined": false
      }
    ],
    "isTemplate": false,
    "count": 0,
    "updated": 0
  },
  {
    "id": "d1caf769-65a0-47d6-9679-741326c79b17",
    "data": [
      {
        "text": "standup remove question ",
        "userDefined": false
      },
      {
        "text": "1",
        "alias": "index",
        "meta": "@sys.number-integer",
        "userDefined": false
      }
    ],
    "isTemplate": false,
    "count": 0,
    "updated": 0
  },
  {
    "id": "035857b5-8560-477f-b094-3cbe07ee30e9",
    "data": [
      {
        "text": "standup delete question ",
        "userDefined": false
      },
      {
        "text": "5",
        "alias": "index",
        "meta": "@sys.number-integer",
        "userDefined": false
      }
    ],
    "isTemplate": false,
    "count": 0,
    "updated": 0
  },
  {
    "id": "76acbd9a-073b-4b29-b484-6ad4b62e5447",
    "data": [
      {
        "text": "please delete the ",
        "userDefined": false
      },
      {
        "text": "6",
        "alias": "index",
        "meta": "@sys.number-integer",
        "userDefined": false
      },
      {
        "text": "th standup question",
        "userDefined": false
      }
    ],
    "isTemplate": false,
    "count": 0,
    "updated": 0
  },
  {
    "id": "12306016-1dfc-46ac-b499-96dc5ce0c0ab",
    "data": [
      {
        "text": "remove standup question ",
        "userDefined": false
      },
      {
        "text": "5",
        "alias": "index",
        "meta": "@sys.number-integer",
        "userDefined": false
      }
    ],
    "isTemplate": false,
    "count": 0,
    "updated": 0
  }
]