[
  {
    "id": "85900fc4-7b35-4a3b-bf8a-b61243837dd0",
    "data": [
      {
        "text": "standup edit channel to \"",
        "userDefined": false
      },
      {
        "text": "Team",
        "alias": "channelName",
        "meta": "@sys.any",
        "userDefined": true
      },
      {
        "text": "\"",
        "userDefined": false
      }
    ],
    "isTemplate": false,
    "count": 0,
    "updated": 1505785214
  },
  {
    "id": "e20d3804-dd2f-4da0-a14a-bf344ea1f113",
    "data": [
      {
        "text": "edit channel of standup reports to \"",
        "userDefined": false
      },
      {
        "text": "Reporting Channel",
        "alias": "channelName",
        "meta": "@sys.any",
        "userDefined": true
      },
      {
        "text": "\"",
        "userDefined": false
      }
    ],
    "isTemplate": false,
    "count": 0,
    "updated": 1505785214
  },
  {
    "id": "6f3e3dc8-f003-45ac-9c56-35209ecf7636",
    "data": [
      {
        "text": "please update the channel of standup reports to \"",
        "userDefined": false
      },
      {
        "text": "DailYReports",
        "alias": "channelName",
        "meta": "@sys.any",
        "userDefined": true
      },
      {
        "text": "\"",
        "userDefined": false
      }
    ],
    "isTemplate": false,
    "count": 0,
    "updated": 1505785214
  },
  {
    "id": "a2bcb768-b39b-49a6-8c0e-90ba7ee7677d",
    "data": [
      {
        "text": "i would like to change the standup channel",
        "userDefined": false
      }
    ],
    "isTemplate": false,
    "count": 0,
    "updated": 1505785214
  },
  {
    "id": "cbdeed7b-8c4a-4e9d-b015-08c5eca0f0fe",
    "data": [
      {
        "text": "change standup channel to \"",
        "userDefined": false
      },
      {
        "text": "general",
        "alias": "channelName",
        "meta": "@sys.any",
        "userDefined": true
      },
      {
        "text": "\"",
        "userDefined": false
      }
    ],
    "isTemplate": false,
    "count": 0,
    "updated": 1505785214
  },
  {
    "id": "324bfa72-603c-4122-b3e0-06e57b3d403d",
    "data": [
      {
        "text": "change standup channel to \"",
        "userDefined": false
      },
      {
        "text": "random",
        "alias": "channelName",
        "meta": "@sys.any",
        "userDefined": true
      },
      {
        "text": "\"",
        "userDefined": false
      }
    ],
    "isTemplate": false,
    "count": 0,
    "updated": 0
  }
]