[
  {
    "id": "77dc35f4-5946-41a8-ab00-fd00417de6eb",
    "data": [
      {
        "text": "change the color of the standup question ",
        "userDefined": false
      },
      {
        "text": "1",
        "meta": "@sys.ignore",
        "userDefined": false
      },
      {
        "text": " to ",
        "userDefined": false
      },
      {
        "text": "white",
        "alias": "color",
        "meta": "@sys.color",
        "userDefined": false
      }
    ],
    "isTemplate": false,
    "count": 0,
    "updated": 1505836481
  },
  {
    "id": "56dcf88f-b8ba-4f97-a6f6-b57e0b4d2e0a",
    "data": [
      {
        "text": "standup change question ",
        "userDefined": false
      },
      {
        "text": "5",
        "alias": "index",
        "meta": "@sys.number-integer",
        "userDefined": false
      },
      {
        "text": " color to ",
        "userDefined": false
      },
      {
        "text": "cyan",
        "alias": "color",
        "meta": "@sys.color",
        "userDefined": false
      }
    ],
    "isTemplate": false,
    "count": 1,
    "updated": 0
  },
  {
    "id": "0ae35ec3-8a41-4f80-a34e-98495b6734d1",
    "data": [
      {
        "text": "edit standup color to ",
        "userDefined": false
      },
      {
        "text": "black",
        "alias": "color",
        "meta": "@sys.color",
        "userDefined": false
      },
      {
        "text": " of the question ",
        "userDefined": false
      },
      {
        "text": "6",
        "alias": "index",
        "meta": "@sys.number-integer",
        "userDefined": false
      }
    ],
    "isTemplate": false,
    "count": 0,
    "updated": 0
  },
  {
    "id": "8cbcdfa1-cf22-4588-9b42-5f2e9a5ef6ad",
    "data": [
      {
        "text": "change standup question ",
        "userDefined": false
      },
      {
        "text": "1",
        "alias": "index",
        "meta": "@sys.number-integer",
        "userDefined": false
      },
      {
        "text": " color to ",
        "userDefined": false
      },
      {
        "text": "red",
        "alias": "color",
        "meta": "@sys.color",
        "userDefined": false
      }
    ],
    "isTemplate": false,
    "count": 0,
    "updated": 0
  }
]