[
  {
    "id": "7eddc0be-9fed-49c5-8d54-01a32a912366",
    "data": [
      {
        "text": "i would like to see the trello webhooks",
        "userDefined": false
      }
    ],
    "isTemplate": false,
    "count": 0,
    "updated": 1504478911
  },
  {
    "id": "6c4d172e-ba07-4cbf-944d-f2b11b71c50d",
    "data": [
      {
        "text": "trello webhooks",
        "userDefined": false
      }
    ],
    "isTemplate": false,
    "count": 0,
    "updated": 1504478911
  },
  {
    "id": "e583e659-2bd7-4af1-8840-4b70a834bb91",
    "data": [
      {
        "text": "show me the trello webhooks",
        "userDefined": false
      }
    ],
    "isTemplate": false,
    "count": 0,
    "updated": 1504478911
  },
  {
    "id": "51c0814f-a8e5-4122-be08-ddb75dfb35e6",
    "data": [
      {
        "text": "i would like to see the webhooks in trello",
        "userDefined": false
      }
    ],
    "isTemplate": false,
    "count": 0,
    "updated": 0
  },
  {
    "id": "acc5f510-c57d-44a8-8bec-9aef819d434b",
    "data": [
      {
        "text": "Please show me what webhoohs exist in Trello",
        "userDefined": false
      }
    ],
    "isTemplate": false,
    "count": 0,
    "updated": 0
  },
  {
    "id": "829c5dbd-0c81-445b-99a3-547033d21fd9",
    "data": [
      {
        "text": "can i have all the trello webhooks available?",
        "userDefined": false
      }
    ],
    "isTemplate": false,
    "count": 0,
    "updated": 0
  },
  {
    "id": "a1fb6ee2-02dc-4c78-b80e-797477c1523a",
    "data": [
      {
        "text": "give me trello webhooks",
        "userDefined": false
      }
    ],
    "isTemplate": false,
    "count": 0,
    "updated": 0
  }
]