[
  {
    "id": "f62a68b2-d82c-4e62-a4b5-ec3c7e407461",
    "data": [
      {
        "text": "please ",
        "userDefined": false
      },
      {
        "text": "switch off",
        "alias": "bool",
        "meta": "@bool",
        "userDefined": true
      },
      {
        "text": " those trello sumups",
        "userDefined": false
      }
    ],
    "isTemplate": false,
    "count": 0,
    "updated": 1504484203
  },
  {
    "id": "e179028b-a540-4573-ada2-1a47e3abb723",
    "data": [
      {
        "text": "i would like to ",
        "userDefined": false
      },
      {
        "text": "turn off",
        "alias": "bool",
        "meta": "@bool",
        "userDefined": true
      },
      {
        "text": " sumups of trello",
        "userDefined": false
      }
    ],
    "isTemplate": false,
    "count": 0,
    "updated": 1504484203
  },
  {
    "id": "6361007c-2e5b-4178-8842-b4fffcbe07d5",
    "data": [
      {
        "text": "could you please ",
        "userDefined": false
      },
      {
        "text": "turn on",
        "alias": "bool",
        "meta": "@bool",
        "userDefined": true
      },
      {
        "text": " the trello sumups scheduler?",
        "userDefined": false
      }
    ],
    "isTemplate": false,
    "count": 0,
    "updated": 1504484203
  },
  {
    "id": "58752aee-63f6-4b7c-ad60-c54d129fa0a3",
    "data": [
      {
        "text": "activate",
        "alias": "bool",
        "meta": "@bool",
        "userDefined": true
      },
      {
        "text": " sumups",
        "userDefined": false
      }
    ],
    "isTemplate": false,
    "count": 1,
    "updated": 1504484049
  },
  {
    "id": "27246673-56fc-4559-9754-4ad5cca2ccaa",
    "data": [
      {
        "text": "enable",
        "alias": "bool",
        "meta": "@bool",
        "userDefined": true
      },
      {
        "text": " trello sumups",
        "userDefined": false
      }
    ],
    "isTemplate": false,
    "count": 0,
    "updated": 0
  }
]