[
  {
    "id": "5347a5ea-7fd9-44d6-ac10-13225c0e4801",
    "data": [
      {
        "text": "trello show cards",
        "userDefined": false
      }
    ],
    "isTemplate": false,
    "count": 0,
    "updated": 0
  },
  {
    "id": "bb5a0841-8fd2-45a8-9b4c-42c4b7e1f568",
    "data": [
      {
        "text": "trello show my cards",
        "userDefined": false
      }
    ],
    "isTemplate": false,
    "count": 0,
    "updated": 0
  },
  {
    "id": "331044b0-c5a3-4d81-9a60-597b1f8fd44c",
    "data": [
      {
        "text": "trello my cards",
        "userDefined": false
      }
    ],
    "isTemplate": false,
    "count": 0,
    "updated": 0
  },
  {
    "id": "a9995bf8-f332-451b-8eab-67da053b9c44",
    "data": [
      {
        "text": "give me my cards on trello",
        "userDefined": false
      }
    ],
    "isTemplate": false,
    "count": 0,
    "updated": 0
  },
  {
    "id": "aba2789e-9104-4828-a866-adce49c74a2a",
    "data": [
      {
        "text": "give my trello cards",
        "userDefined": false
      }
    ],
    "isTemplate": false,
    "count": 0,
    "updated": 0
  }
]