[
  {
    "id": "609a7370-97a5-49c1-bb67-30f342fdb56b",
    "data": [
      {
        "text": "me trello sumups",
        "userDefined": false
      }
    ],
    "isTemplate": false,
    "count": 0,
    "updated": 0
  },
  {
    "id": "99168f57-385f-4217-9971-7e2f1aa8e62e",
    "data": [
      {
        "text": "trello sumups",
        "userDefined": false
      }
    ],
    "isTemplate": false,
    "count": 0,
    "updated": 0
  },
  {
    "id": "3e2c9450-8ea7-407c-9571-9a9b2c251295",
    "data": [
      {
        "text": "give me my trello summarize",
        "userDefined": false
      }
    ],
    "isTemplate": false,
    "count": 0,
    "updated": 0
  }
]