[
  {
    "id": "335ae8b8-1ab7-4afc-a963-4f98d85a98b9",
    "data": [
      {
        "text": "I would like to modify the trello sumup. Change the days to ",
        "userDefined": false
      },
      {
        "text": "weekdays",
        "alias": "days",
        "meta": "@days",
        "userDefined": true
      }
    ],
    "isTemplate": false,
    "count": 0,
    "updated": 1504479095
  },
  {
    "id": "73152f81-f93d-4e81-add5-ea8923875893",
    "data": [
      {
        "text": "i want to change the days of the trello sumup to ",
        "userDefined": false
      },
      {
        "text": "Monday",
        "alias": "days",
        "meta": "@days",
        "userDefined": true
      },
      {
        "text": ", ",
        "userDefined": false
      },
      {
        "text": "Tuesday",
        "alias": "days",
        "meta": "@days",
        "userDefined": true
      },
      {
        "text": " and ",
        "userDefined": false
      },
      {
        "text": "Friday",
        "alias": "days",
        "meta": "@days",
        "userDefined": true
      }
    ],
    "isTemplate": false,
    "count": 0,
    "updated": 1504479095
  },
  {
    "id": "dd0ee9b3-312a-4bf8-894f-24dc4d50b2a0",
    "data": [
      {
        "text": "change trello sumups days to ",
        "userDefined": false
      },
      {
        "text": "monday",
        "alias": "days",
        "meta": "@days",
        "userDefined": true
      },
      {
        "text": " and ",
        "userDefined": false
      },
      {
        "text": "tuesday",
        "alias": "days",
        "meta": "@days",
        "userDefined": true
      }
    ],
    "isTemplate": false,
    "count": 0,
    "updated": 1504478848
  }
]