[
  {
    "id": "36d99c6a-314b-4181-af2f-c1240339c6ef",
    "data": [
      {
        "text": "trello last ",
        "userDefined": false
      },
      {
        "text": "6",
        "alias": "limit",
        "meta": "@sys.number",
        "userDefined": false
      },
      {
        "text": " ",
        "userDefined": false
      },
      {
        "text": "unread",
        "alias": "read_filter",
        "meta": "@notificationStatus",
        "userDefined": false
      },
      {
        "text": " mentions",
        "userDefined": false
      }
    ],
    "isTemplate": false,
    "count": 0,
    "updated": 0
  },
  {
    "id": "d7e1867f-712a-4927-b975-fe9d8071f72c",
    "data": [
      {
        "text": "give me ",
        "userDefined": false
      },
      {
        "text": "all",
        "alias": "read_filter",
        "meta": "@notificationStatus",
        "userDefined": false
      },
      {
        "text": " my trello mentions",
        "userDefined": false
      }
    ],
    "isTemplate": false,
    "count": 0,
    "updated": 0
  },
  {
    "id": "a4a9ba70-d300-42bb-ae8e-33dc838b85c9",
    "data": [
      {
        "text": "trello ",
        "userDefined": false
      },
      {
        "text": "unread",
        "alias": "read_filter",
        "meta": "@notificationStatus",
        "userDefined": false
      },
      {
        "text": " mentions",
        "userDefined": false
      }
    ],
    "isTemplate": false,
    "count": 0,
    "updated": 0
  },
  {
    "id": "b110616b-bdf9-42e7-ae79-7309812451b9",
    "data": [
      {
        "text": "trello last ",
        "userDefined": false
      },
      {
        "text": "5",
        "alias": "limit",
        "meta": "@sys.number",
        "userDefined": false
      },
      {
        "text": " mentions",
        "userDefined": false
      }
    ],
    "isTemplate": false,
    "count": 0,
    "updated": 0
  }
]