[
  {
    "id": "26216887-fd15-4bfb-9126-5227f4f291fb",
    "data": [
      {
        "text": "i would like to see trello boards",
        "userDefined": false
      }
    ],
    "isTemplate": false,
    "count": 0,
    "updated": 0
  },
  {
    "id": "c8365e6e-caa9-4e78-b304-1ff3cadf6867",
    "data": [
      {
        "text": "trello boards",
        "userDefined": false
      }
    ],
    "isTemplate": false,
    "count": 0,
    "updated": 0
  },
  {
    "id": "0122b496-5478-462a-b045-e1fa9a3dde67",
    "data": [
      {
        "text": "show trello boards",
        "userDefined": false
      }
    ],
    "isTemplate": false,
    "count": 0,
    "updated": 0
  },
  {
    "id": "4fce31e0-2fa0-4303-af13-159f5791e81b",
    "data": [
      {
        "text": "get me trello boards",
        "userDefined": false
      }
    ],
    "isTemplate": false,
    "count": 0,
    "updated": 0
  }
]