[
  {
    "id": "c136a71e-91bf-43dc-96f4-f3434f3aca98",
    "data": [
      {
        "text": "last ",
        "userDefined": false
      },
      {
        "text": "5",
        "alias": "limit",
        "meta": "@sys.number",
        "userDefined": false
      },
      {
        "text": " trello ",
        "userDefined": false
      },
      {
        "text": "read",
        "alias": "read_status",
        "meta": "@notificationStatus",
        "userDefined": false
      },
      {
        "text": " notifications",
        "userDefined": false
      }
    ],
    "isTemplate": false,
    "count": 0
  },
  {
    "id": "54747d8b-f56b-492f-9c53-5d3a92a87f29",
    "data": [
      {
        "text": "give me my trello ",
        "userDefined": false
      },
      {
        "text": "unread",
        "alias": "read_status",
        "meta": "@notificationStatus",
        "userDefined": false
      },
      {
        "text": " notifications",
        "userDefined": false
      }
    ],
    "isTemplate": false,
    "count": 0
  },
  {
    "id": "48dd01c9-b187-43af-8184-1ff81b6b6404",
    "data": [
      {
        "text": "trello show notifications",
        "userDefined": false
      }
    ],
    "isTemplate": false,
    "count": 0
  }
]